NOME_DO_ATOR,PERSONAGEM,APARICOES,PRIMEIRA_APARICAO,ULTIMA_APARICAO
"A.J. Kennedy","Frey Guard",1,2013,2013
"Aaron Archer",Nobleman,2,2012,2016
"Aaron Rodgers","King's Landing Citizen",1,2019,2019
"Adam Basil","Strong Fighter",1,2015,2015
"Adam Devereux","Lannister Soldier",1,2019,2019
"Adam Quigley-Nixon","Lannister Guard",1,2019,2019
"Adam Slynn","Lannister Guard",1,2017,2017
"Adam Turns","The Waif's Disguise",1,2016,2016
"Adele Smyth-Kennedy","'Littlefinger' Winterfell Spy",1,2017,2017
"Adewale Akinnuoye-Agbaje",Malko,2,2015,2015
"Aeryn Walker","Craster's Wife #2",1,2014,2014
"Aidan Crowe",Quent,2,2012,2012
"Aidan Gillen","Petyr 'Littlefinger' Baelish",41,2011,2017
"Aiden Condron","Lannister Captain",2,2012,2012
"Aifric O'Donnell",Aya,1,2015,2015
"Aimee Richardson","Myrcella Baratheon",8,2011,2012
"Aisling Franciosi","Lyanna Stark",2,2016,2017
"Aisling Jarrett-Gavin","Margaery's Handmaiden",1,2013,2013
"Alan McKee","Dwarf Hunter #2",1,2015,2015
"Alan Paris",Goldcloak,1,2011,2011
"Alex Mileman","Fruit Vendor",1,2013,2013
"Alexander Siddig","Doran Martell",5,2015,2016
"Alexandra Dowling","Roslin Frey",1,2013,2013
"Alexis Raben",Xela,1,2019,2019
"Alfie Allen","Theon Greyjoy",47,2011,2019
"Ali Lyons",Johnna,2,2015,2015
"Alice Hewkin",Wight,1,2014,2014
"Alice Nokes",Willa,1,2019,2019
"Alisdair Simpson","Donnel Waynwood",2,2014,2014
"Allan Gildea","Strong Sam Stone",1,2015,2015
"Allon Sylvain","Foreign Merchant",1,2015,2015
"Amira Ghazalla","Dothraki Crone",1,2011,2011
"Amrita Acharia",Irri,13,2011,2012
"Amy Dawson","Captain's Daughter",1,2012,2012
"Andrei Claude","Khal Rhalko",1,2016,2016
"Andrew Bicknell","Riverlands Lord",1,2019,2019
"Andrew Bryan","Bolton Officer",1,2016,2016
"Andrew McClay","Stark Soldier",10,2015,2019
"Andrew Watson",Unsullied,6,2019,2019
"Andrew Wilde","Tobho Mott",2,2011,2012
"Andy Beckwith",Rorge,4,2012,2014
"Andy Kellegher",Polliver,3,2012,2014
"Andy Moore",Mully,1,2014,2014
"Angelique Fernandez","Dothraki Widow #1",2,2016,2016
"Ania Bukstein",Kinvara,1,2016,2016
"Annette Hannah",Frances,3,2016,2017
"Annette Tierney","Young Nan",2,2016,2016
"Anthony Boyle","Bolton Guard",1,2014,2014
"Anthony John Crocker","King's Landing Drunkard",1,2015,2015
"Anthony Morris","The Tickler",2,2012,2012
"Anton Lesser",Qyburn,22,2013,2019
"Antonia Christophers",Mhaegen,2,2011,2012
"Arnar Rosenkranz Hilmarsson","Musician #3",3,2016,2016
"Aron Hegarty","Tommen's Manservant",1,2016,2016
"Art Parkinson","Rickon Stark",14,2011,2016
"B.J. Hogg","Addam Marbrand",1,2011,2011
"Barrie Martin",Wight,1,2015,2015
"Barrington Cullen","Eon Hunter",1,2011,2011
"Barry McGovern","Dying Man",1,2014,2014
"Barry O'Connor","Night's Watch Deserter",1,2011,2011
"Bart the Bear","The Bear",1,2013,2013
"Bea Glancy",Teela,2,2019,2019
"Bella Ramsey","Lyanna Mormont",9,2016,2019
"Ben Crompton","Eddison Tollett",34,2012,2019
"Ben Fox","Crossroads Inn Patron",1,2017,2017
"Ben Hawkey","Hot Pie",12,2011,2017
"Ben Kelly","King's Landing Flasher #2",1,2015,2015
"Ben Yates","Brothel Customer",1,2015,2015
"Bernadette Dobbin","Lady of Eyrie Landing (2011)",1,2011,2011
"Bill Kelliher",Wildling,1,2015,2015
"Billy King","Ironborn Abusing a Volantene Whore",1,2016,2016
"Billy Postlethwaite","Lannister Soldier",1,2017,2017
"Birgitte Hjort Sorensen",Karsi,1,2015,2015
"Bobby Asghar","Great Master 2",1,2015,2015
"Bobby Marno","Night's Watch",10,2015,2017
"Boyd Rankin",Mikken,2,2011,2011
"Brahm Gallagher","Lannister Soldier",1,2016,2016
"Brann Dailor",Wildling,1,2015,2015
"Breige Roche","Winterfell Local",1,2017,2017
"Brendan Cowell",Harrag,3,2017,2017
"Brendan McCormack","Vardis Egen",2,2011,2011
"Brendan McGivern","Night's Watch",1,2017,2017
"Brendan Morrissey","Frey Lord",1,2017,2017
"Brendan O'Rourke","Mummer #3",2,2016,2016
"Brenock O'Connor",Olly,17,2014,2016
"Brent Hinds",Wildling,1,2015,2015
"Brian Black","Lannister Archer",1,2019,2019
"Brian Fortune","Othell Yarwyck",14,2011,2016
"Brian Kearns",Wildling,3,2019,2019
"Brian Patrick Kennedy","Lannister Soldier",1,2019,2019
"Bronson Webb",Will,1,2011,2011
"Bronte Carmichael",Martha,2,2019,2019
"Bryan Cogman","Dragonstone waiter",1,2014,2014
"Bryan McCaugherty","Ryger Rivers",1,2011,2011
"Bryan Quinn","Bolton Soldier",1,2013,2013
"Brynjar Leifsson","Musician 4",3,2016,2016
"Burn Gorman","Karl Tanner",4,2013,2014
"C.C. Smiff","Wedding Guest",1,2014,2014
"Caitlin Pharro","King's Landing Citizen",1,2019,2019
"Callum Wharry","Tommen Baratheon",8,2011,2012
"Calvin Warrington-Heasman","Burning Lannister",2,2015,2017
"Canan Avsar","Lady of Winterfell",2,2019,2019
"Carice van Houten",Melisandre,29,2012,2019
"Carolina Castellano","Woman in King's Landing",1,2017,2017
"Caroline Davis",Prostitute,1,2011,2011
"Casey Michaels","Child of the Forest #3",1,2016,2016
"Cassie Friel",Wight,1,2015,2015
"Cedric Henderson","Faceless Man",1,2015,2015
"Charles Dance","Tywin Lannister",27,2011,2015
"Charles Jarman","Pit Fighter",1,2015,2015
"Charlie Barrett","Dothraki Rider",1,2017,2017
"Charlotte Hope",Myranda,8,2013,2016
"Chelsea Mainwaring","Wildling Archer",1,2015,2015
"Cheryl Lester","Craster's Wife #3",1,2014,2014
"Chris Gallagher","Lannister Scout",1,2011,2011
"Chris Reilly",Morgan,2,2012,2014
"Chris Stapleton","Wildling Wight",1,2019,2019
"Christian Gimse","Lannister Guard",1,2017,2017
"Christian Vit","Lead Dornish Guard",1,2015,2015
"Christopher Kinkead","Night's Watch Recruit",1,2015,2015
"Christopher Newman","Hoster Tully",1,2013,2013
"Chuku Modu",Aggo,3,2016,2016
"Ciaran Bermingham",Mord,2,2011,2011
"Ciaran Hinds","Mance Rayder",5,2013,2015
"Ciaran McMahon","Lannister Soldier",1,2012,2012
"Ciaran O'Grady","Frey Soldier #1",1,2013,2013
"Claire Connor",nan,1,2019,2019
"Claire Wright","Wight Wildling Girl",2,2011,2014
"Cliff Barry","Greizhen mo Ullhor",2,2013,2013
"Clive Mantle","Greatjon Umber",3,2011,2011
"Clive Russell","Brynden 'Blackfish' Tully",7,2013,2016
"Colin Azzopardi","Maester Caleotte",1,2016,2016
"Colin Carnegie","Stevron Frey",1,2011,2011
"Conan Stevens","Gregor 'The Mountain' Clegane",2,2011,2011
"Conleth Hill","Lord Varys",46,2011,2019
"Conor Delaney","Lannister Guard",1,2011,2011
"Conor Maguire",nan,1,2019,2019
"Conor Watters",Manservant,2,2014,2014
"Cordelia Hill","Young Lyanna Stark",1,2016,2016
"Cormac McDonagh","Black Jack Bulwer",1,2014,2014
"Curtis-Lee Ashqar","Son of the Harpy",1,2015,2015
"D.B. Weiss","Wildling #1",1,2019,2019
"Dan Euston",Wildling,1,2017,2017
"Dan Hildebrand","Kraznys mo Nakloz",3,2013,2013
"Daniel Johnson",nan,1,2015,2015
"Daniel Naprous","Dothraki Rider",2,2014,2017
"Daniel Portman","Podrick Payne",35,2012,2019
"Daniel Rabin","Lord Blackmont",1,2014,2014
"Daniel Tuite","Lothar Frey",4,2016,2016
"Danielle Claire Jenner","Volantene Whore #3",1,2016,2016
"Danielle Galligan",Sarra,1,2019,2019
"Danko Jordanov","Wilding Gladiator",1,2015,2015
"Danny Kirrane","Stark Soldier",1,2017,2017
"Danny O'Connor","Lannister Guard #1",1,2015,2015
"Dar Salim",Qotho,6,2011,2011
"Dario Cannizzaro",Traveller,1,2017,2017
"Darius Dar Khan","Khal Qorro",1,2016,2016
"Darragh O'Connor","Frey Wedding Guest",2,2013,2016
"Darrell D'Silva","Ironborn #1",1,2016,2016
"Darren Kent",Goatherd,1,2014,2014
"Darren Killeen","Colen of Greenpools",1,2012,2012
"Dave Hill","Ironborn #3",1,2019,2019
"David Benioff","Wildling #2",1,2019,2019
"David Birkbeck","Northman Rider",1,2016,2016
"David Bradley","Walder Frey",6,2011,2017
"David Coakley",Drennan,2,2012,2012
"David Fennelly","Baratheon Soldier #1",1,2015,2015
"David Fynn",Rennick,1,2012,2012
"David Garlick","Despondent Man",1,2015,2015
"David Michael Scott","Beric Dondarrion",1,2011,2011
"David Rintoul","Aerys Targaryen",1,2016,2016
"David Sheehan","Stark Guard",2,2012,2012
"David Verrey","High Septon",1,2012,2012
"Davor Jozinovic","Great Master #4",1,2015,2015
"Dean Jagger","Smalljon Umber",2,2016,2016
"Dean Whatton","King Renly Baratheon Dwarf",1,2014,2014
"Dean-Charles Chapman","Tommen Baratheon",18,2013,2016
"Deirdre Monaghan",Morag,2,2014,2014
"Dennis McKeever","Night's Watch Officer",6,2011,2013
"Dennis Stokes","Male Prostitute",2,2012,2012
"Deobia Oparei","Areo Hotah",6,2015,2016
"Deon Lee-Williams",Iggo,1,2016,2016
"Derek Dubery","Brothel Patron #5",3,2015,2019
"Derek Horsham","Great Master #2",1,2014,2014
"Derek Lord","Mallister Supporter",1,2015,2015
"Derek Reid","Brothel Customer",1,2012,2012
"Derek Smith","Old Man",1,2019,2019
"Dermot Keaney",Gared,1,2011,2011
"Dermot Ward","Tommen's Attendant",1,2016,2016
"Dez McMahon","Ser Endrew Tarth",1,2014,2014
"Diana Rigg","Olenna Tyrell",18,2013,2017
"Diogo Sales","Dothraki Bloodrider #1",3,2016,2016
"Dominic Carter","Janos Slynt",15,2011,2015
"Donagh Deeney","Winterfell Shepherd",2,2012,2012
"Donal Gallery","Tortured Prisoner",1,2012,2012
"Donald Sumpter","Maester Luwin",14,2011,2012
"Douglas Robson","Burning Lannister",1,2017,2017
"Duncan Lacroix","Karstark Soldier #2",1,2012,2012
"Duncan Muggoch","Lannister Officer",1,2019,2019
"Dylan Edwards","King's Landing Boaster",1,2016,2016
"Dylan McDonough",Sailor,1,2015,2015
"Eamonn Draper","Sick Maester",1,2017,2017
"Eamonn Keenan","Stark Soldier",1,2017,2017
"Ed Sheeran","Lannister Soldier",1,2017,2017
"Ed Skrein","Daario Naharis",3,2013,2013
"Eddie Elks","Sellsword #2",1,2015,2015
"Eddie Eyre","Gerold Hightower",1,2016,2016
"Eddie Jackson","Belicho Paenymion",2,2016,2016
"Edward Dogliani",Rattleshirt,3,2012,2013
"Edward Mercieca","King's Landing Baker",1,2011,2011
"Edward Tudor-Pole",Protestor,1,2012,2012
"Eileen McCloskey","Village Woman",2,2019,2019
"El Hasani","Yunkai'i Slave #4",1,2013,2013
"Elaine O'Dwyer",Wildling,1,2015,2015
"Elie Haddad","Khal Brozho",1,2016,2016
"Eline Powell",Bianca,2,2016,2016
"Elisa Lasowski",Mirelle,1,2013,2013
"Elizabeth Cadwallader","Lollys Stokeworth",1,2015,2015
"Elizabeth Webster","Walda Bolton",5,2014,2016
"Ella Hughes","Volantene Whore #4",1,2016,2016
"Ella Tweed","Brothel Child #1",1,2015,2015
"Ella-Rose Sands",nan,1,2019,2019
"Ellie Kendrick","Meera Reed",16,2013,2017
"Elyes Gabel",Rakharo,7,2011,2012
"Elynia Betts","Tavern Maid",1,2016,2016
"Em Scribbler","The Mother",2,2015,2015
"Emer McDaid","Winterfell Girl",1,2019,2019
"Emilia Clarke","Daenerys Targaryen",62,2011,2019
"Emilio Doorgasingh","Great Master #1",2,2014,2014
"Emily Diamond","King's Landing Whore",2,2011,2011
"Emina Muftic","Beggar Woman",1,2015,2015
"Emma Bryant",Waitress,1,2014,2014
"Emmet O'Riabhaigh","Wounded Lannister",1,2012,2012
"Emun Elliott",Marillion,4,2011,2011
"Enzo Cilenti","Yezzan zo Qaggaz",4,2015,2016
"Eoin Duffy",Lannister,1,2019,2019
"Eros Vlahos","Lommy Greenhands",4,2011,2012
"Esme Bianco",Ros,14,2011,2013
"Essie Davis","Lady Crane",3,2016,2016
"Eugene Simon","Lancel Lannister",16,2011,2016
"Eva Butterly","Margaery Tyrell Mummer",2,2016,2016
"Faolan Morgan","Stark Guard",1,2011,2011
"Faye Marsay","The Waif",11,2015,2016
"Felix Jamieson","Winter Town Boy",1,2019,2019
"Fergus Leathem","Young Rodrik Cassel",2,2016,2016
"Fiach Kunz","Lannister Guard #2",1,2015,2015
"Filip Lozic","Young Nobleman",1,2012,2012
"Finbar Lynch","Farmer Hamlet",1,2014,2014
"Finn Jones","Loras Tyrell",21,2011,2016
"Finn Watson","Baby Sam",2,2019,2019
"Fintan McKeown","Amory Lorch",4,2012,2012
"Fionn Kernan","Little Bird #7",2,2016,2016
"Fionnuala Murphy",nan,1,2019,2019
"Fola Evans-Akingbola","Moro's Wife #2",2,2016,2016
"Forbes KB","Black Lorren",4,2012,2012
"Francis Magee",Yoren,7,2011,2012
"Frank Blake","Northern Sentry",1,2019,2019
"Frank Cannon","King's Landing Nobleman",3,2015,2016
"Frank Hvam","Citadel Maester",1,2016,2016
"Frank Jakeman","Vale Lord",1,2019,2019
"Frank O'Sullivan","Night's Watch Messenger",1,2011,2011
"Freddie Stroma","Dickon Tarly",1,2016,2016
"Frederic Andre",Knight,4,2011,2016
"Gabriel Akuwudike","Unsullied Captain",1,2019,2019
"Gabrielle Dempsey","Innkeeper's Daughter",1,2014,2014
"Gareth Wright",Wight,1,2019,2019
"Garry Mountaine",Brusco,1,2015,2015
"Gary Lightbody","Bolton Soldier",1,2013,2013
"Gary Oliver","Ternesio Terys",2,2014,2015
"Gary Pillai","Merchant Captain",1,2015,2015
"Gary Wales","Healtor Troop",1,2016,2016
"Gemita Samarra",Brea,1,2015,2015
"Gemma Whelan","Yara Greyjoy",16,2012,2019
"Georg Holm","Musician #3",1,2014,2014
"George Appleby","King Robb Stark Dwarf",1,2014,2014
"George Georgiou","Razdal mo Eraz",3,2013,2016
"Gerald Lepkowski",Zanrush,2,2016,2016
"Gerald McMullan","Night's Watch",2,2014,2017
"Gerard Jordan",Biter,4,2012,2014
"Gerry O'Brien","Jonos Bracken",1,2011,2011
"Gethin Anthony","Renly Baratheon",8,2011,2012
"Gian Sanghera-Warren","Goatherd's Son",1,2014,2014
"Gianpiero Cognoli","Great Master #1",1,2015,2015
"Gina Moxley","Old Woman Prisoner",1,2012,2012
"Ginger A. Taylor","Craster's Daughter",1,2012,2012
"Glen Barry","Mummer #2",2,2016,2016
"Gordon Fulton","Lord Portan",1,2012,2012
"Gordon Mahon","Imry Florent",1,2012,2012
"Grace Hendy","Merry Frey",1,2013,2013
"Graeme Peacock","Baratheon Soldier",11,2012,2017
"Graham Charles",Varly,1,2011,2011
"Grahame Fox","Ralf Kenning",1,2014,2014
"Guy Oliver-Watts","Lannister General",1,2017,2017
"Gwendoline Christie","Brienne of Tarth",42,2012,2019
"Gwyneth Keyworth",Clea,1,2015,2015
"Hadi Kermani","Great Master #6",1,2015,2015
"Hafbor Julius Bjornsson","Gregor 'The Mountain' Clegane",17,2014,2019
"Hannah John-Kamen",Ornela,2,2016,2016
"Hannah Murray",Gilly,27,2012,2019
"Hannah Waddingham","Septa Unella",8,2015,2016
"Harold James McMullan",Sorcerer,1,2013,2013
"Harry Grasby","Ned Umber",3,2017,2019
"Harry Lloyd","Viserys Targaryen",5,2011,2011
"Hattie Gotobed",Ghita,2,2015,2015
"Hayley McQuillan","King's Landing Citizen",1,2019,2019
"Heidi Romanova","Volantene Whore #2",1,2016,2016
"Hugh Irvine","Lannister Archer",1,2012,2012
"Hugh Yeaman","Meereen Guard",2,2016,2016
"Hugo Culverhouse","Red Keep Stableboy",1,2011,2011
"Iain Glen","Jorah Mormont",52,2011,2019
"Ian Beattie","Meryn Trant",17,2011,2015
"Ian Davies",Morgan,2,2016,2016
"Ian Gelder","Kevan Lannister",12,2011,2016
"Ian Hanmore","Pyat Pree",4,2012,2012
"Ian Lloyd Anderson",Derek,1,2015,2015
"Ian McElhinney","Barristan Selmy",25,2011,2015
"Ian McShane","Brother Ray",1,2016,2016
"Ian Whyte","Wun Wun",16,2011,2019
"Indira Varma","Ellaria Sand",13,2014,2017
"Iona Clarke","Little Bird #5",2,2016,2016
"Irene Kelleher","Inn Waitress",1,2015,2015
"Irma Mali",Whore,1,2015,2015
"Isaac Hempstead Wright","Bran Stark",40,2011,2019
"Isaac Heslip","King's Landing Citizen",1,2019,2019
"Isabella Steinbarth","Melara Hetherspoon",1,2015,2015
"Isabelle Jones","Brothel Child #2",1,2015,2015
"Ivailo Dimitrov",Mago,1,2011,2011
"Ivan Peric","Great Master #5",1,2015,2015
"Iwan Rheon","Ramsay Bolton",20,2013,2016
"J.J. Murphy","Denys Mallister",1,2015,2015
"Jack Gleeson","Joffrey Baratheon",26,2011,2014
"Jack Hickey","Young Braavosi",1,2015,2015
"Jack Hudson",Wight,1,2019,2019
"Jack Morgan","Lannister Soldier",1,2019,2019
"Jack Olohan","Faith Militant #2",1,2015,2015
"Jack Roth","Donnel Hill",1,2014,2014
"Jacob Anderson","Grey Worm",34,2013,2019
"Jamal Ouarraq","Yunkai'i Slave #3",1,2013,2013
"James Bleakney","Baratheon Soldier",9,2013,2016
"James Cosmo","Jeor Mormont",12,2011,2013
"James Doran","Mandon Moore",1,2012,2012
"James Faulkner","Randyll Tarly",5,2016,2017
"James Lecky","Ironborn #3",1,2016,2016
"James McHale","Axell Florent",1,2014,2014
"James McKenzie Robinson",Joss,1,2015,2015
"James Robert Wilson","Baby Sam",4,2016,2017
"James Tolcher","Lannister Guard",1,2011,2011
"Jamie Michie","Steelshanks Walton",4,2013,2013
"Jamie Sives","Jory Cassel",5,2011,2011
"Jane McGrath",Sissy,2,2014,2014
"Jaryd Headley","Unsullied Soldier",3,2019,2019
"Jason McLaughlin","Baratheon Soldier #2",2,2015,2015
"Jason Momoa","Khal Drogo",10,2011,2012
"Javier Botet","Wight at Table",1,2019,2019
"Jazzy De Lisser",Tansy,1,2014,2014
"Jed Murray","Northman Rioter",1,2016,2016
"Jefferson Hall","Hugh of the Vale",2,2011,2011
"Jeffrey O'Brien","Jaremy Rykker",1,2011,2011
"Jem Wall",Guymon,1,2014,2014
"Jenny Edgar","Wildling Archer",1,2015,2015
"Jer O'Leary","Lordsport Dockhand",1,2012,2012
"Jerome Flynn",Bronn,37,2011,2019
"Jesse Magee","Little Bird #4",2,2016,2016
"Jesse Morris","Stark Guard",1,2019,2019
"Jessica Henwick","Nymeria Sand",8,2015,2017
"Jessica Odell",Wildling,4,2015,2016
"Jessica Stevenson",Wildling,2,2015,2015
"Jim Broadbent","Archmaester Ebrose",4,2017,2017
"Jim Stanes","Lannister Map Painter",1,2017,2017
"Jim Tighe","Lannister Soldier",1,2019,2019
"Jodhi May",Maggy,1,2015,2015
"Jody Halse","Adrack Humble",1,2014,2014
"Joe Cassidy","King's Landing Tailor",1,2013,2013
"Joe Claflin",Cooper,1,2014,2014
"Joe Dempsie",Gendry,24,2011,2019
"Joe Hewetson","Maester Helliweg",1,2015,2015
"Joe Purcell","Riverlands Traveller",1,2013,2013
"Joel Fry","Hizdahr zo Loraq",8,2014,2015
"Johannes Haukur Johannesson","Lem Lemoncloak",2,2016,2016
"John Bradley","Samwell Tarly",48,2011,2019
"John Stahl","Rickard Karstark",5,2012,2013
"John Standing","Jon Arryn",1,2011,2011
"Jon Freeman",nan,1,2014,2014
"Jon Thor Birgisson","Musician #1",1,2014,2014
"Jonathan Byrne",Brant,1,2015,2015
"Jonathan Cohen","Black Knight",1,2012,2012
"Jonathan Gunning","Dwarf Hunter #1",1,2015,2015
"Jonathan Pryce","High Sparrow",12,2015,2016
"Jonathan Ryan","Drowned Priest",1,2012,2012
"Jose Mellinas","'That's Right' Man",1,2016,2016
"Josef Altin",Pypar,13,2011,2014
"Joseph Gatt","Thenn Warg",3,2014,2014
"Joseph Mawle","Benjen Stark",6,2011,2017
"Joseph Naufahu","Khal Moro",3,2016,2016
"Joseph Quinn",Koner,1,2017,2017
"Josephine Gillan",Marei,8,2012,2019
"Joshua Sher","Meereen Slave",1,2014,2014
"Juan Carlos Martinez Antuna","Meereen Guard",3,2017,2017
"Julian Firth","Citadel Maester",1,2017,2017
"Julian Glover","Grand Maester Pycelle",31,2011,2016
"Junade Khan","Dothraki Bloodrider #2",3,2016,2016
"Kae Alexander",Leaf,4,2016,2016
"Karl Davies","Alton Lannister",3,2012,2012
"Karl Jackson",Unsullied,1,2014,2014
"Karla Lyons",Willa,2,2015,2015
"Kate Anthony","Braavosi Woman #1",1,2016,2016
"Kate Dempsey","Serving Girl",1,2017,2017
"Kate Dickie","Lysa Arryn",5,2011,2014
"Katie Alexander Thom","Volantene Whore #1",1,2016,2016
"Katie Creaven","Marianne Frey",1,2013,2013
"Katie Tumelty","Winter Town Woman",1,2019,2019
"Keisha Castle-Hughes","Obara Sand",8,2015,2017
"Kelly Long","Joyeuse Frey",2,2011,2013
"Ken Fletcher",Gerald,1,2012,2012
"Kenneth Hadley",Septon,1,2013,2013
"Kerim Topcic",Passerby,1,2015,2015
"Kerr Logan","Matthos Seaworth",4,2012,2012
"Kerry Ingram","Shireen Baratheon",10,2013,2015
"Kevin Eldon",Camello,3,2016,2017
"Kevin Horsham","Westerosi Trader",1,2016,2016
"Kevin Keenan",Kurleket,2,2011,2011
"Kevin McCann",Musician,1,2013,2013
"Kevin-Barry Brown","Bolton Infantry",2,2016,2016
"Kieran Cunningham","Baratheon Officer",1,2012,2012
"Kim Chapman",Alanna,1,2019,2019
"Kiran Shah","Braavosi Theatre Sound Artist",2,2016,2016
"Kirsty Nicholls","King's Landing Whore",1,2015,2015
"Kit Harington","Jon Snow",62,2011,2019
"Kristen Gillespie","Whore #1",1,2014,2014
"Kristian Nairn",Hodor,23,2011,2016
"Kristina Baskett","Child of the Forest #1",1,2016,2016
"Kristina Krepela","Qartheen Woman",1,2012,2012
"Kristjan Kristjansson","Musician #5",3,2016,2016
"Kristofer Hivju","Tormund Giantsbane",33,2013,2019
"Kristy Robinson","Craster's Wife",4,2012,2015
"Krysten Coombs","King Balon Greyjoy Dwarf",1,2014,2014
"Kylie Harris",Genna,1,2013,2013
"Kylie Zimmer","Tyrell Cousin",2,2014,2014
"Lacy Moore","Braavosi Madam",1,2015,2015
"Lalor Roddy","Catspaw Assassin",1,2011,2011
"Laura Elphinstone",Nora,1,2019,2019
"Laura Pradelska",Quaithe,2,2012,2012
"Laurence Doherty","Frey Wedding Guest",2,2013,2014
"Laurence O'Fuarain",Simpson,1,2015,2015
"Laurence Spellman",Goldcloak,1,2017,2017
"Leigh Gill",Bobono,3,2016,2016
"Lena Headey","Cersei Lannister",62,2011,2019
"Leo Woodruff","Howland Reed",1,2016,2016
"Liam Cunningham","Davos Seaworth",42,2012,2019
"Lino Facioli","Robin Arryn",9,2011,2019
"Lisa Walsh","Craster's Younger Wife",1,2013,2013
"Logan Bruce",Ironborn,6,2013,2019
"Logan Watson","Baby Sam",2,2019,2019
"Lois Winstone","Mole's Town Whore",2,2014,2014
"Lorcan Strain","Villager 1",1,2019,2019
"Lorenzo Antonucci","King's Landing Citizen",1,2019,2019
"Lottie Steer",Warlock,1,2013,2013
"Louis Agbodo",Unsullied,1,2019,2019
"Louis McCartney","King's Landing Citizen",1,2019,2019
"Louis Rolston","Bear Island Maester",1,2016,2016
"Lu Corfield","Mole's Town Madam",2,2014,2014
"Lucian Msamati","Salladhor Saan",3,2012,2014
"Lucy Aarden",Crayah,1,2019,2019
"Lucy Gallagher","Little Bird #6",2,2016,2016
"Lucy Hayes","Lady Kitty Frey",2,2016,2017
"Lucy McConnell","Woman with Elderly Parents",2,2019,2019
"Luke Barnes",Rast,12,2011,2014
"Luke McQuillan","Lannister Soldier",1,2019,2019
"Luke Roberts","Arthur Dayne",1,2016,2016
"Luke Wilson Hanley","Stark Soldier",1,2017,2017
"Luna Kalo","King's Landing Citizen",1,2019,2019
"Mackenzie Crook",Orell,6,2013,2013
"Mackenzie Dean",nan,1,2014,2014
"Maggie Hayes","Septa Moelle",1,2015,2015
"Maisie Dee",Daisy,3,2012,2012
"Maisie Williams","Arya Stark",59,2011,2019
"Marc Rissmann","Harry Strickland",2,2019,2019
"Marcos James","White Rat",1,2015,2015
"Marcus Lamb","Night's Watchman",1,2011,2011
"Margaret Jackman","The Waif's Disguise",1,2016,2016
"Margaret John","Old Nan",2,2011,2011
"Maria Sikavica","Whore #2",1,2014,2014
"Marin Tudor","Yunkai'i Slave #1",1,2013,2013
"Marina Lawrence-Mahrra",Dirah,1,2019,2019
"Mariola Sanz","Dothraki woman",3,2015,2016
"Marion McDowell","Mole's Town Whore",2,2014,2014
"Mark Addy","Robert Baratheon",7,2011,2011
"Mark Byatt","Lannister Torturer",1,2012,2012
"Mark Coney","Lord Galbart Glover",2,2011,2011
"Mark Drake","Tortured Slave",1,2013,2013
"Mark Gatiss","Tycho Nestoris",4,2014,2017
"Mark Kelvin Ryan","Frey Serving Boy",1,2014,2014
"Mark Killeen",Mero,1,2013,2013
"Mark Lewis Jones",Shagga,2,2011,2011
"Mark Quigley","Baratheon Soldier",11,2014,2019
"Mark Roper","Crossroads Inn Patron",1,2017,2017
"Mark Stanley",Grenn,22,2011,2014
"Mark Tankersley","Bolton General",1,2016,2016
"Marko Cindric","Tourney Herald",1,2012,2012
"Marko Jelic",Prisoner,1,2014,2014
"Marko Juraga","King's Landing Rioter #2",1,2012,2012
"Maro Drobnic","Desmond Crakehall",1,2013,2013
"Martin Starr","Ironborn #2",1,2019,2019
"Martin Walsh",Innkeeper,1,2014,2014
"Mary Jordan","Septa Scolera",1,2015,2015
"Matt Butcher","Riverrun Nobleman",1,2013,2013
"Matt Faris","Lannister Soldier",1,2016,2016
"Matt McArdle","Sellsword #1",1,2015,2015
"Matteo Elezi","Young Benjen Stark",2,2016,2016
"Matthew Scurfield","Vayon Poole",1,2011,2011
"Matthew Wolf","Lannister Soldier",1,2019,2019
"Max Barber","Orphan Kid",1,2013,2013
"Max von Sydow","Three-Eyed Raven",3,2016,2016
"Maxwell Laird","King Stannis Baratheon Dwarf",1,2014,2014
"Meena Rayann",Vala,3,2015,2016
"Megan Parkinson","Alys Karstark",6,2016,2019
"Melanie Liburd","Street Red Priestess Meereen",1,2016,2016
"Melissa Reid",Peasant,1,2011,2011
"Mia Soteriou","Mirri Maz Duur",3,2011,2011
"Michael Benbaruk","Lord Une",1,2019,2019
"Michael Byrch","Captured Wight",2,2017,2017
"Michael Condron","Bowen Marsh",10,2015,2016
"Michael Feast","Aeron Greyjoy",2,2016,2016
"Michael Grennell","Captain of the Archers",1,2012,2012
"Michael Hayes","Night's Watchman #1",2,2016,2016
"Michael Heath",Kesh,1,2016,2016
"Michael Hooley","Night's Watchman",2,2016,2016
"Michael Hough","Ironborn in Skiff",1,2014,2014
"Michael Johnston","Lannister Guard #3",1,2015,2015
"Michael Liebmann","Frey Soldier #2",1,2013,2013
"Michael McElhatton","Roose Bolton",20,2012,2016
"Michael Nevin","Little Bird #3",2,2016,2016
"Michael Patrick","Wildling Rioter",1,2016,2016
"Michael Power","Boat Commander",1,2013,2013
"Michael Shaeffer","Stark Soldier",1,2012,2012
"Michael Shelford","Master Torturer",2,2013,2013
"Michael Stuart","Night's Watch Officer",19,2013,2019
"Michael William Burns","Kingsland Taverner",2,2016,2016
"Michael Yare",Slaver,1,2015,2015
"Micheal Fitzgerald","Knight of the Vale",6,2016,2019
"Michelle Costello","Craster's Wife",1,2013,2013
"Michelle Fairley","Catelyn Stark",26,2011,2016
"Michelle O'Flaherty","Grieving Daughter",1,2019,2019
"Michiel Huisman","Daario Naharis",18,2014,2016
"Milly Burke Cunningham","Frey Daughter",1,2016,2016
"Miltos Yerolemou","Syrio Forel",3,2011,2011
"Mishael Lopes Cardozo","Brothel Guard",1,2015,2015
"Moe Dunford","Stark Messenger",1,2012,2012
"Morgan C. Jones","Braavosi Captain",1,2015,2015
"Munro Graham","King's Landing Flasher #1",1,2015,2015
"Murray McArthur","Dim Dalba",2,2015,2016
"Mustapha Mekanassi","Yunkai'i Slave #5",1,2013,2013
"Mustapha Rachidi","Yunkai Citizen",1,2013,2013
"Nanna Bryndis Hilmarsdottir","Musician #1",3,2016,2016
"Natalia Lee",Chella,1,2012,2012
"Natalia Tena",Osha,16,2011,2016
"Natalie Dormer","Margaery Tyrell",26,2012,2016
"Nathalie Emmanuel",Missandei,38,2013,2019
"Nathanael Saleh",Arthur,2,2016,2016
"Neil Baltus","Noble Man",1,2014,2014
"Neil Fingleton","Giant Wight #2",3,2014,2017
"Neil Keery","Ironborn at Brothel",1,2016,2016
"Neil Marshall","Night's Watch Archer",1,2014,2014
"Neill Fleming","Karstark Soldier #1",1,2012,2012
"Nell Tiger Free","Myrcella Baratheon",6,2015,2016
"Nell Williams","Young Cersei Lannister",1,2015,2015
"Niall Bishop","Northern Lord",1,2019,2019
"Niall Cusack",Joss,1,2011,2011
"Niall O'Donnell","Bathhouse Boy",1,2013,2013
"Niamh Lennon","King's Landing Handmaiden",2,2014,2014
"Nicholas Blane","Spice King",3,2012,2012
"Nicholas Boulton","Pit Announcer",1,2015,2015
"Nicky Harley","King's Landing Citizen",1,2019,2019
"Nigel O'Neill","Baratheon General",1,2015,2015
"Nikola Bace","Tyrell Guard",1,2015,2015
"Nikolaj Coster-Waldau","Jaime Lannister",55,2011,2019
"Nikovich Sammut","Goldcloak #1",1,2011,2011
"Noah Syndergaard","Lannister Spearman",1,2017,2017
"Noah Taylor",Locke,8,2013,2014
"Noel Cecil",Wight,1,2012,2012
"Noel Harron","Ironborn Lord",1,2019,2019
"Nonso Anozie","Xaro Xhoan Daxos",5,2012,2012
"Octavia Selena Alexandru",Leaf,1,2014,2014
"Oddie Braddell","Wendel Manderly",1,2013,2013
"Oengus MacNamara","Thin Man",2,2015,2015
"Oisin De Lange","Stannis Guard",1,2014,2014
"Oliver Devoti","Northerner in Alley",1,2019,2019
"Oliver Ford Davies","Maester Cressen",1,2012,2012
"Oliver Stockwell","Dothraki Man Having Sex",1,2016,2016
"Ollie Kram",Anara,1,2015,2015
"Omar Youssef",Dothraki,1,2013,2013
"Oona Chaplin","Talisa Stark",11,2012,2013
"Orri P. Dyrason","Musician #2",1,2014,2014
"Oryan Landa",Quinn,1,2016,2016
"Owen Dickey","Winterfell Beekeeper",1,2011,2011
"Owen Teale","Alliser Thorne",19,2011,2016
"Owen Whitelaw","Lannister Soldier",1,2019,2019
"Pablo Verdejo","Unsullied Guard",1,2015,2015
"Paddy Rocks","Knight of House Lynderly",1,2011,2011
"Paddy Wallace","Lead Kingsguard",1,2015,2015
"Padraig O'Grady","Crying Man",1,2019,2019
"Paola Dionisotti","Anya Waynwood",1,2014,2014
"Pat McGrath","Hog Farmer",1,2013,2013
"Pat Mooney","Northern Lord",1,2012,2012
"Patrick FitzSymons","Reginald Lannister",1,2012,2012
"Patrick J Molloy","Night's Watchman",1,2014,2014
"Patrick Kelly","Stark Archer",4,2016,2019
"Patrick Malahide","Balon Greyjoy",4,2012,2016
"Patrick McGilligan","King's Landing Citizen",1,2019,2019
"Patrick O'Kane","Jaqen's Disguise",1,2012,2012
"Patrick Ryan","Knight of House Frey",1,2011,2011
"Paul Bentley","High Septon",6,2013,2015
"Paul Caddell",Jacks,2,2012,2012
"Paul Garrett","Northman Archer",1,2016,2016
"Paul Herbert","Wedding Guest",1,2014,2014
"Paul Kaye","Thoros of Myr",10,2013,2017
"Paul Kealyn",Weasel,1,2012,2012
"Paul Kennedy","Eyrie Guard",1,2015,2015
"Paul Monahan","Stark Guard",1,2012,2012
"Paul Portelli","Drunk Patron",1,2011,2011
"Paul Rattray","Harald Karstark",3,2016,2016
"Paul Ward","Poisoned Frey",1,2017,2017
"Pedro Pascal","Oberyn Martell",7,2014,2014
"Peter Ballance",Farlen,2,2012,2012
"Peter Dinklage","Tyrion Lannister",67,2011,2019
"Peter Rooney","Karstark Soldier",2,2016,2019
"Peter Silverleaf","Great Master #3",1,2015,2015
"Peter Vaughan","Maester Aemon",11,2011,2015
"Phelim Kelly","Inn Customer",1,2014,2014
"Phil Barnhill","Baratheon Guard",1,2011,2011
"Phil Dixon",Tomard,1,2011,2011
"Philip Arditti",Goatherd,1,2014,2014
"Philip McGinley",Anguy,6,2013,2013
"Philip O'Sullivan","Citadel Maester",1,2017,2017
"Philip Philmar","Elder Meereen Slave",1,2014,2014
"Pilou Asbaek","Euron Greyjoy",9,2016,2019
"Pixie Le Knot",Kayla,2,2013,2014
"Portia-Valis Volkova","Dothraki Woman Having Sex",3,2015,2016
"Rachel Puchkoff","Khaleesi Handmaiden #1",1,2013,2013
"Rachelle Beinart","Child of the Forest #2",1,2016,2016
"Raewyn Lippert","Olly's Mother",1,2014,2014
"Ragnar Porhallsson","Musician #2",3,2016,2016
"Ralph Clemente",Woodcutter,1,2015,2015
"Ralph Ineson","Dagmer Cleftjaw",5,2012,2012
"Ramon Tikaram","Prendahl na Ghezn",1,2013,2013
"Rania Zouari","Pentoshi Servant",1,2011,2011
"Raquel Arraes","Volantene Whore",1,2016,2016
"Raul Tortosa","Tyrell Bannerman",1,2016,2016
"Raymond Griffiths","King Joffrey Baratheon Dwarf",1,2014,2014
"Raymond Keane","Winter Town Man",1,2015,2015
"Rea Separovic","King's Landing Rioter #3",1,2012,2012
"Rebecca Benson","Talla Tarly",1,2016,2016
"Rebecca Scott","The Maiden",2,2015,2015
"Rebecca Van Cleave","Cersei Body Double",1,2015,2015
"Reece Noi",Mossador,3,2014,2015
"Reg Wayment","King's Landing Rioter #1",2,2012,2012
"Rhodri Hosking",Mycah,1,2011,2011
"Rhodri Miles","First Mate",1,2014,2014
"Rhys Howells",Unsullied,1,2013,2013
"Richard Brake","The Night King",3,2014,2016
"Richard Dormer","Beric Dondarrion",13,2013,2019
"Richard Doubleday","Vance Corbray",1,2014,2014
"Richard E. Grant",Izembaro,3,2016,2016
"Richard Fitzwell",nan,1,2015,2015
"Richard Jones",Soldier,1,2019,2019
"Richard Laing","Lannister Captain",1,2016,2016
"Richard Madden","Robb Stark",22,2011,2016
"Richard Rycroft","Maester Wolkan",12,2016,2019
"Rick Burn","Stark Guard",1,2011,2011
"Ricky Champ",Gatins,2,2016,2016
"Rila Fukushima","Street Red Priestess Volantis",1,2015,2015
"Rob Brockman",nan,1,2015,2015
"Rob Callender",Clarenzo,3,2016,2016
"Rob de Groot",Fighter,1,2015,2015
"Rob McElhenney","Ironborn #1",1,2019,2019
"Rob Ostlere","Waymar Royce",1,2011,2011
"Robbie Beggs",Northman,1,2019,2019
"Robert Aramayo","Young Ned",4,2016,2017
"Robert Atkinson","Baratheon Archer",1,2012,2012
"Robert Brown","Northern Lord",5,2015,2019
"Robert Fawsitt","Loyal Night's Watchman #2",3,2016,2016
"Robert Goodman","Valyrian Slave",1,2014,2014
"Robert Pugh",Craster,5,2012,2013
"Robert Render","Ironborn #2",2,2011,2016
"Robert Sterne","Royal Steward",4,2011,2011
"Robert Yates","King's Guard",1,2011,2011
"Roger Allam","Illyrio Mopatis",2,2011,2011
"Roger Ashton-Griffiths","Mace Tyrell",13,2014,2016
"Roma Tomelty",nan,1,2019,2019
"Roman Beguns",Fighter,1,2015,2015
"Ron Donachie","Rodrik Cassel",13,2011,2012
"Rori Hawthorn","Young Woman",1,2019,2019
"Rory McCann","Sandor 'The Hound' Clegane",38,2011,2019
"Rory Mullen","Captain of the Bolton Archers",1,2016,2016
"Rosa Frazer",,1,2019,2019
"Rosabell Laurenti Sellers","Tyene Sand",9,2015,2017
"Rose Leslie",Ygritte,17,2012,2014
"Rosie McClelland","King's Landing Citizen",1,2019,2019
"Rosie Ruthless","The Crone",2,2015,2015
"Ross Anderson-Doherty","Mummer #4",2,2016,2016
"Ross McKinney",Riddell,1,2016,2016
"Ross Moneypenny","Tyrell Guard",1,2017,2017
"Ross Mullan","White Walker",3,2012,2014
"Ross O'Hennessy","Lord of Bones",1,2015,2015
"Roxana Kadyrova","Yunkai'i Slave #2",1,2013,2013
"Roxanne McKee",Doreah,11,2011,2012
"Roy Dotrice",Hallyne,2,2012,2012
"Royd Tolkien",Wildling,1,2015,2015
"Ruairi Heading","Night's Watchman #2",1,2016,2016
"Rubi Ali","Moro's Wife #1",1,2016,2016
"Rupert Vansittart","Yohn Royce",13,2014,2019
"Ryan McKen","Lannister Soldier",1,2019,2019
"Ryan McKenna","Willis Wode",2,2011,2011
"Sabina Arthur","Meereenese Homeless Mother",1,2016,2016
"Sabrina Bartlett",Handmaid,1,2016,2016
"Sahara Knite",Armeca,4,2011,2012
"Sally Mortemore","Braavosi Woman #2",1,2016,2016
"Sam Callis",Goldcloak,2,2012,2012
"Sam Coleman",Wyllis,2,2016,2016
"Sam Mackay","Lannister Guard",1,2012,2012
"Sam Redford","Tully Bannerman",1,2016,2016
"Samantha Bentley","Bathhouse Prostitute",3,2014,2015
"Samantha McEwan","Bathhouse Prostitute",1,2014,2014
"Samantha Spiro","Melessa Tarly",1,2016,2016
"Samuel Paul Small","Little Bird",1,2014,2014
"Sara Dylan",Bernadette,7,2012,2017
"Sarah Mac Keever","Selyse Baratheon",1,2012,2012
"Sarine Sofair",Lhara,3,2014,2015
"Sarita Piotrowski",Jhiqui,1,2011,2011
"Seamus Kelly","Goldcloak #2",1,2011,2011
"Seamus O'Hara",Fergus,2,2019,2019
"Sean Bean","Eddard 'Ned' Stark",10,2011,2011
"Sean Blowers","Wyman Manderly",1,2016,2016
"Sean Buckley","Old Man",1,2013,2013
"Sean McGillicuddy","Lannister Soldier",1,2017,2017
"Sebastian Croft","Young Ned Stark",2,2016,2016
"Shane Whisker",nan,1,2019,2019
"Shaun Blaney","Karstark Lookout",1,2013,2013
"Sibel Kekilli",Shae,20,2011,2014
"Sigur Ros","Wedding Band",1,2014,2014
"Simon Armstrong","Qhorin Halfhand",4,2012,2012
"Simon Lowe","Wine Merchant",1,2011,2011
"Simon Millar","Tully Soldier",2,2015,2016
"Simon Norbury","Faith Militant #1",1,2015,2015
"Simon Stewart","Lannister Messenger",1,2011,2011
"Slavko Juraga","Silk King",3,2012,2012
"Slavko Sobin","Second Son",1,2015,2015
"Sophia Smith","Volantene Whore",1,2016,2016
"Sophie Ellis-Bextor",Soldier,1,2019,2019
"Sophie Reid","Tyrell Lady",2,2013,2013
"Sophie Turner","Sansa Stark",59,2011,2019
"Souad Faress","Dosh khaleen High Priestess",2,2016,2016
"Spencer Collings","Dothraki Rider",2,2019,2019
"Spencer Wilding","White Walker #2",1,2011,2011
"Staz Nair",Qhono,11,2016,2019
"Stella Lutz","Noble Lady",1,2014,2014
"Stella McCusker","Old Woman",2,2015,2015
"Stephanie Blacker",Violet,1,2013,2013
"Stephen Brown","Sparring Boy",1,2015,2015
"Stephen Dillane","Stannis Baratheon",24,2012,2015
"Stephen Don",Stiv,1,2011,2011
"Stephen Grech","King's Landing Urchin",1,2011,2011
"Stephen Presley",Unsullied,6,2019,2019
"Stephen Swift","Singing Lannister Soldier",1,2012,2012
"Steve Blount","Rickard Karstark",1,2011,2011
"Steve Cash","Loyal Night's Watchman #1",2,2016,2016
"Steve Love",Steve,1,2016,2016
"Steve Wilson","Theon's Master of Hounds",1,2012,2012
"Steven Cole",Kovarro,8,2012,2012
"Struan Rodger","Three Eyed Raven",2,2014,2014
"Stuart Martin","Morgan's Friend",1,2014,2014
"Susan Brown","Septa Mordane",6,2011,2011
"Susan Christie","Volantene Whore",1,2016,2016
"Susie Kelly","Masha Heddle",1,2011,2011
"Syd Ralph","Winter Town Woman",1,2019,2019
"Talitha Luke-Eardley","Yunkai'i Whore",1,2013,2013
"Tamer Hassan","Khal Forzho",1,2016,2016
"Tamsin Greene Barker","Braavosi Theatre Server",2,2016,2016
"Tara Fitzgerald","Selyse Baratheon",10,2013,2015
"Terence Hughes",Slave,1,2015,2015
"Terry Byrne",Septon,1,2012,2012
"Thomas Brodie-Sangster","Jojen Reed",10,2013,2014
"Thomas Finnegan","Fergus' Friend",1,2019,2019
"Thomas Martin","Lannister Soldier",1,2019,2019
"Thomas Turgoose","Lannister Soldier",1,2017,2017
"Tim Landers",Kegs,1,2014,2014
"Tim Loane","Black Armored White Walker",1,2015,2015
"Tim McInnerny","Robett Glover",5,2016,2017
"Tim Plester","Black Walder Rivers",6,2013,2016
"Timothy Gibbons","Willem Lannister",2,2013,2013
"Tipper Seifert-Cleveland","Nora's Daughter",1,2019,2019
"Tobias Menzies","Edmure Tully",9,2013,2019
"Tobias Winter",Timett,4,2011,2012
"Toby Osmond","Dornish Prince",1,2019,2019
"Toby Sebastian","Trystane Martell",5,2015,2016
"Tom Brooke","Lothar Frey",2,2013,2013
"Tom Chadbon","High Septon Maynard",1,2017,2017
"Tom Fava","Street Tough #1",1,2015,2015
"Tom Hopper","Dickon Tarly",4,2017,2017
"Tom Varey","Cley Cerwyn",1,2016,2016
"Tom Wlaschiha","Jaqen H'ghar",17,2012,2016
"Tommy Dunne",Tommy,2,2011,2014
"Tonci Banov","Great Master #7",1,2015,2015
"Tony Flynn","Night's Watchman #2",2,2016,2016
"Tony Way","Dontos Hollard",6,2012,2014
"Trevor Allan Davies",Fennesz,1,2014,2014
"Tristan Heanue","Bolton Soldier",1,2016,2016
"Tristan McConnell",Gordy,1,2015,2015
"Tristan Mercieca","Little Bird",1,2011,2011
"Trixiebell Harrowell","Farmer's Daughter",1,2014,2014
"Tyrone Kearns","Brotherhood Member",6,2013,2016
"Tyrone McElhennon","Torrhen Karstark",1,2012,2012
"Vasco Temudo",Soldier,1,2019,2019
"Vinnie McCabe","Leo Lefford",2,2011,2011
"Vladimir 'Furdo' Furdik","The Night King",5,2016,2019
"Wayne Foskett","Rickard Stark",1,2016,2016
"Wilf Scolding","Rhaegar Targaryen",1,2017,2017
"Wilko Johnson","Ilyn Payne",4,2011,2012
"Will Champion",Drummer,1,2013,2013
"Will Fortune",nan,2,2014,2015
"Will O'Connell",Todder,2,2013,2015
"Will Rastall","Tyrell Servant",1,2013,2013
"Will Tudor",Olyvar,7,2013,2015
"William Nevan Wilson","Baby Sam",4,2016,2017
"Winston Davis","Street Tough #2",1,2015,2015
"Wren Ros Elliot-Sloan",Rhaego,1,2012,2012
"Wuese Houston-Jibo","Dothraki Widow #2",2,2016,2016
"Xena Avramidis","King's Landing Whore",3,2014,2015
"Yousef 'Joe' Sweid",Ash,1,2016,2016
"Yuri Kolokolnikov",Styr,4,2014,2014
"Zachary Baharov",Loboda,1,2015,2015
"Zoi Gorman","Volantene Whore #5",1,2016,2016
